age,sex,bmi,children,smoker,region,expenses
53,female,35.9,2,no,southwest,11163.57
24,female,25.3,0,no,northeast,3044.21
40,male,32.8,1,yes,northeast,39125.33
34,female,19.0,3,no,northeast,6753.04
38,male,38.4,3,yes,southeast,41949.24
18,male,29.4,1,no,southeast,1719.44
19,female,35.2,0,no,northwest,2134.9
40,male,41.2,1,no,northeast,6610.11
56,female,33.8,2,no,northwest,12643.38
19,female,30.5,0,no,northwest,2128.43
27,female,31.3,1,no,northwest,3956.07
19,male,34.9,0,yes,southwest,34828.65
33,female,22.1,1,no,northeast,5354.07
48,female,27.4,1,no,northeast,9447.38
48,female,32.2,1,no,southeast,8871.15
63,female,25.1,0,no,northwest,14254.61
22,female,34.6,2,no,northeast,3925.76
44,female,29.8,2,no,southeast,8219.2
32,male,35.2,2,no,southwest,4670.64
50,male,32.1,2,no,northeast,25333.33
53,male,36.1,1,no,southwest,10085.85
28,male,30.9,0,no,northwest,3062.51
19,female,32.5,0,yes,northwest,36898.73
44,female,25.0,1,no,southwest,7623.52
31,male,39.5,1,no,southeast,3875.73
49,male,28.7,1,no,southwest,8703.46
63,female,36.3,0,no,southeast,13887.2
50,male,31.8,0,yes,northeast,41097.16
27,female,31.4,0,yes,southwest,34838.87
48,female,36.6,0,no,northwest,8671.19
56,female,32.3,3,no,northeast,13430.27
27,male,30.5,0,no,southwest,2494.02
47,female,24.1,1,no,southwest,26236.58
39,female,34.3,5,no,southeast,8596.83
28,male,22.5,2,no,northeast,4428.89
18,male,23.8,0,no,northeast,1705.62
57,female,23.2,0,no,northwest,11830.61
36,male,34.4,0,yes,southeast,37742.58
31,female,29.1,0,no,southwest,3761.29
41,male,30.8,3,yes,northeast,39597.41
18,male,23.3,1,no,southeast,1711.03
18,female,33.9,0,no,southeast,11482.63
18,female,38.7,2,no,northeast,3393.36
32,female,37.1,3,no,northeast,6334.34
60,male,24.3,1,no,northwest,13112.6
47,female,45.3,1,no,southeast,8569.86
24,female,30.2,3,no,northwest,4618.08
62,male,32.1,0,no,northeast,13555.0
41,female,31.0,0,no,southeast,6185.32
28,male,36.4,1,yes,southwest,51194.56
35,female,28.0,0,yes,northwest,20234.85
45,male,30.4,0,yes,southeast,62592.87
18,female,38.2,0,no,southeast,1631.67
46,female,33.4,1,no,southeast,8240.59
49,female,33.3,2,no,northeast,10370.91
61,female,31.2,0,no,northwest,13429.04
30,female,20.0,3,no,northwest,5693.43
42,male,24.6,2,yes,northeast,21259.38
58,male,36.1,0,no,southeast,11363.28
25,male,45.5,2,yes,southeast,42112.24
56,male,26.7,1,yes,northwest,26109.33
34,female,31.9,1,yes,northeast,37701.88
33,male,24.8,0,yes,northeast,17904.53
42,female,25.3,1,no,southwest,7045.5
42,female,36.2,1,no,northwest,7443.64
45,female,40.0,3,no,northeast,9704.67
32,female,33.2,3,no,northwest,6128.8
21,male,36.9,0,no,southeast,1534.3
22,female,21.3,3,no,northwest,4296.27
28,female,26.3,3,no,northwest,5312.17
20,female,24.4,0,yes,southeast,26125.67
19,male,19.8,0,no,southwest,1241.57
58,male,34.9,0,no,northeast,11944.59
22,female,24.3,0,no,southwest,2150.47
45,female,38.3,0,no,northeast,7935.29
45,female,30.9,2,no,southwest,8520.03
38,male,19.3,0,yes,southwest,15820.7
55,male,33.0,0,no,southeast,20781.49
50,male,32.2,0,no,northwest,8835.26
19,female,24.5,1,no,northwest,2709.11
50,female,33.7,4,no,southwest,11299.34
37,male,34.1,4,yes,southwest,40182.25
33,female,24.3,0,no,southeast,4185.1
51,female,33.9,0,no,northeast,9866.3
31,female,25.8,2,no,southwest,4934.71
61,female,29.9,3,yes,southeast,30942.19
48,female,27.3,1,no,northeast,9447.25
59,female,23.7,0,yes,northwest,25678.78
25,female,34.5,0,no,northwest,3021.81
42,male,36.0,2,no,southeast,7160.33
57,female,34.3,2,no,northeast,13224.06
60,female,35.1,0,no,southwest,12644.59
50,male,36.2,0,no,southwest,8457.82
55,female,29.7,2,no,southwest,11881.36
55,male,21.5,1,no,southwest,10791.96
39,male,26.2,1,no,northwest,6123.57
43,female,25.3,1,yes,northeast,21771.34
46,male,27.6,0,no,southwest,24603.05
54,female,46.7,2,no,southwest,11538.42
55,male,29.9,0,no,southwest,10214.64
46,female,33.7,1,no,northeast,8823.99
45,male,22.9,0,yes,northeast,35069.37
39,female,22.8,3,no,northeast,7985.82
27,male,33.2,2,no,northwest,4058.71
56,female,28.6,0,no,northeast,11658.12
21,female,26.4,1,no,southwest,2597.78
22,female,28.1,0,no,southeast,2155.68
19,female,28.3,0,yes,northwest,17468.98
22,male,32.1,0,no,northwest,2055.32
28,male,38.1,0,no,southeast,2689.5
39,male,45.4,2,no,southeast,6356.27
23,female,34.9,0,no,northeast,2899.49
41,male,37.1,2,no,northwest,7265.7
36,female,25.8,0,no,northwest,5266.37
33,female,32.9,2,no,southwest,5375.04
50,female,27.1,1,no,northeast,10106.13
21,female,17.4,1,no,southwest,2585.27
53,male,34.1,0,yes,northeast,43254.42
20,male,33.0,1,no,southwest,1980.07
49,female,21.3,1,no,southwest,9182.17
61,female,22.0,0,no,northeast,13616.36
37,female,47.6,2,yes,southwest,46113.51
60,female,36.0,0,no,northeast,13228.85
40,male,26.3,1,no,northwest,6389.38
52,female,37.4,0,no,southwest,9634.54
53,female,22.6,3,yes,northeast,24873.38
52,male,33.3,0,no,northeast,9722.77
47,male,47.5,1,no,southeast,8083.92
21,male,25.7,2,no,northeast,3279.87
45,male,27.5,3,no,southwest,8615.3
33,male,24.6,2,no,northwest,5257.51
49,male,31.4,1,no,northeast,9290.14
34,female,27.5,1,no,southwest,5003.85
19,male,27.3,2,no,northwest,22493.66
24,male,28.5,0,yes,northeast,35147.53
44,female,32.3,1,no,southeast,7633.72
42,male,30.0,0,yes,southwest,22144.03
26,female,34.2,2,no,southwest,3987.93
64,male,25.6,2,no,southwest,14988.43
54,female,24.6,3,no,northwest,12479.71
30,male,31.6,3,no,southeast,4837.58
23,female,39.3,2,no,southeast,3500.61
49,female,42.7,2,no,southeast,9800.89
21,female,32.7,2,no,northwest,26018.95
56,male,33.7,4,no,southeast,12949.16
59,male,25.5,0,no,northwest,12124.99
25,female,22.5,1,no,northwest,3594.17
35,male,34.8,2,no,northwest,5729.01
30,male,38.8,1,no,southeast,18963.17
19,male,44.9,0,yes,southeast,39722.75
28,female,17.3,0,no,northeast,3732.63
25,male,35.6,0,no,northwest,2534.39
31,female,38.1,1,yes,northeast,58571.07
19,female,28.6,5,no,southwest,4687.8
50,female,26.2,2,no,northwest,10493.95
21,female,35.7,0,no,northwest,2404.73
64,female,36.0,0,no,southeast,14313.85
49,male,25.6,2,yes,southwest,23306.55
34,male,25.3,1,no,northwest,4894.75
29,male,29.6,1,no,northeast,20277.81
47,female,23.6,1,no,southwest,8539.67
48,male,30.2,2,no,southwest,8968.33
33,female,19.1,2,yes,northeast,16776.3
27,female,32.4,1,no,northeast,18903.49
59,male,29.7,2,no,southeast,12925.89
23,male,24.5,0,no,northeast,2396.1
45,female,35.8,0,no,northwest,7731.86
29,male,38.9,1,no,southeast,3471.41
36,male,31.5,0,no,southwest,4402.23
52,female,46.8,5,no,southeast,12592.53
34,female,29.3,3,no,southeast,6184.3
46,female,28.9,2,no,southwest,8823.28
18,male,16.0,0,no,northeast,1694.8
32,female,23.7,1,no,southeast,17626.24
48,female,31.1,0,no,southeast,8280.62
34,male,27.8,1,yes,northwest,20009.63
38,female,30.7,1,no,southeast,5976.83
41,female,32.6,3,no,southwest,7954.52
49,male,28.7,3,no,northwest,10264.44
34,male,27.0,2,no,southwest,11737.85
33,female,35.5,0,yes,northwest,55135.4
37,male,37.1,1,yes,southeast,39871.7
34,female,33.7,1,no,southwest,5012.47
62,male,21.4,0,no,southwest,12957.12
37,female,29.5,2,no,southwest,6311.95
61,male,43.4,0,no,southwest,12574.05
22,male,37.6,1,yes,southeast,37165.16
19,male,34.1,0,no,southwest,1261.44
49,female,22.6,1,no,northwest,9566.99
63,female,27.0,0,yes,northwest,28950.47
22,female,31.0,3,yes,southeast,35595.59
50,male,31.0,3,no,northwest,10600.55
51,female,37.7,1,no,southeast,9877.61
29,female,20.2,2,no,northwest,4906.41
52,female,18.3,0,no,northwest,9991.04
57,male,40.4,0,no,southeast,10982.5
43,male,35.0,1,yes,northeast,41034.22
22,male,28.3,1,no,northwest,2639.04
48,male,28.0,1,yes,southwest,23568.27
21,female,21.9,1,yes,northeast,15359.1
56,male,31.8,2,yes,southeast,43813.87
19,male,25.6,1,no,northwest,2221.56
55,female,37.1,0,no,southwest,10713.64
49,female,23.8,3,yes,northeast,24106.91
47,female,27.8,0,yes,southeast,23065.42
45,female,27.6,1,no,northwest,28340.19
57,female,28.7,0,no,southwest,11455.28
56,male,22.1,0,no,southwest,10577.09
60,male,24.3,0,no,northwest,12523.6
53,female,23.8,2,no,northeast,11729.68
34,male,25.3,2,yes,southeast,18972.5
49,male,36.9,0,no,southeast,8125.78
30,female,33.3,1,no,southeast,4151.03
24,female,29.9,0,no,northwest,2850.68
27,female,23.2,1,no,southeast,3561.89
56,female,37.5,2,no,southeast,12265.51
52,male,34.1,0,no,southeast,9140.95
23,female,28.0,0,no,southwest,13126.68
63,male,33.1,0,no,southwest,13393.76
35,female,38.1,2,no,northeast,24915.05
64,female,33.0,0,no,northwest,14692.67
56,male,33.7,0,no,northwest,10976.25
58,female,39.1,0,no,southeast,11856.41
27,female,21.5,0,no,northwest,3353.47
18,female,30.1,0,no,northeast,21344.85
25,male,30.6,0,no,northeast,2727.4
61,male,32.3,2,no,northwest,14119.62
32,male,33.8,1,no,northwest,4462.72
20,female,26.8,1,yes,southeast,17085.27
37,female,27.7,3,no,northwest,7281.51
28,female,28.9,1,no,northeast,4337.74
18,male,33.5,0,yes,northeast,34617.84
48,male,31.4,1,no,northeast,8964.06
46,male,42.4,3,yes,southeast,46151.12
29,female,24.6,2,no,southwest,4529.48
53,male,30.5,0,no,northeast,10072.06
51,female,34.2,1,no,southwest,9872.7
41,male,21.8,1,no,southeast,6272.48
26,female,28.8,0,no,northeast,3385.4
35,female,31.0,1,no,southwest,5240.77
43,female,20.0,2,yes,northeast,19798.05
36,male,33.4,2,yes,southwest,38415.47
32,male,28.1,4,yes,northwest,21472.48
20,male,39.4,2,yes,southwest,38344.57
37,female,26.4,0,yes,southeast,19539.24
18,female,30.1,0,no,northeast,2203.47
30,female,27.7,0,no,southwest,3554.2
51,female,38.1,0,yes,southeast,44400.41
64,female,30.1,3,no,northwest,16455.71
37,male,46.5,3,no,southeast,6435.62
45,female,30.5,1,yes,northwest,39725.52
60,female,25.8,0,no,northwest,28923.14
59,female,32.1,3,no,southwest,14007.22
25,male,27.6,0,no,northwest,2523.17
18,male,25.5,0,no,northeast,1708.0
23,female,35.0,3,no,northwest,4466.62
45,male,22.9,2,yes,northwest,21098.55
38,female,27.6,0,no,southwest,5383.54
41,female,31.6,0,no,southwest,6186.13
34,female,26.4,1,no,northwest,5385.34
19,female,27.9,3,no,northwest,18838.7
51,male,25.4,0,no,southwest,8782.47
35,male,24.1,1,no,northwest,5125.22
49,male,30.9,0,yes,southwest,39727.61
57,female,30.5,0,no,northwest,11840.78
22,female,20.2,0,no,northwest,2527.82
54,female,30.8,3,no,southwest,12105.32
53,male,26.4,2,no,northeast,11244.38
31,female,31.1,0,no,northeast,4347.02
46,female,28.1,1,no,southeast,8233.1
22,female,23.2,0,no,northeast,2731.91
44,male,34.3,1,no,southeast,7147.47
54,female,31.2,0,no,southeast,10338.93
46,male,33.4,1,no,northeast,8334.59
58,female,25.2,0,no,southwest,11837.16
39,female,32.5,1,no,southwest,6238.3
22,male,33.8,0,no,southeast,1674.63
23,female,28.1,0,no,northwest,2690.11
20,female,31.8,2,no,southeast,3056.39
51,male,27.7,1,no,northeast,9957.72
19,male,25.6,0,no,northwest,1632.56
20,male,22.0,1,no,southwest,1964.78
45,male,33.7,1,no,southwest,7445.92
55,female,32.8,2,no,northwest,12268.63
30,male,27.6,1,no,northeast,4237.13
31,male,28.5,5,no,northeast,6799.46
18,male,26.2,2,no,southeast,2304.0
63,male,28.3,0,no,northwest,13770.1
53,male,24.3,0,no,northwest,9863.47
18,male,21.5,0,no,northeast,1702.46
55,male,32.7,1,no,southeast,10807.49
34,female,30.2,1,yes,northwest,43943.88
62,female,33.2,0,no,southwest,13462.52
38,female,27.3,1,no,northeast,6555.07
37,female,34.1,1,no,northwest,6112.35
27,female,24.8,0,yes,southeast,16577.78
25,male,33.3,2,yes,southeast,36124.57
63,female,26.2,0,no,northwest,14256.19
26,female,29.9,2,no,southeast,3981.98
48,female,28.9,0,no,southwest,8277.52
59,male,27.5,1,no,southwest,12333.83
55,male,37.7,3,no,northwest,30063.58
23,male,31.7,3,yes,northeast,36189.1
52,male,38.6,2,no,southwest,10325.21
60,female,30.5,0,no,southwest,12638.2
28,male,37.1,1,no,southwest,3277.16
49,female,34.8,1,no,northwest,9583.89
41,male,28.8,1,no,southwest,6282.24
43,male,20.1,2,yes,southeast,18767.74
24,male,29.3,0,no,southwest,1977.82
33,male,35.2,0,no,northeast,12404.88
22,male,34.8,3,no,southwest,3443.06
40,female,28.1,1,yes,northeast,22331.57
45,male,24.0,2,no,northeast,8604.48
22,female,36.0,0,no,southwest,2166.73
38,female,34.8,2,no,southwest,6571.54
21,female,33.6,2,no,northwest,3579.83
35,male,39.7,4,no,northeast,19496.72
40,female,25.5,1,no,northeast,7077.19
57,male,40.3,0,no,northeast,20709.02
19,female,18.6,0,no,southwest,1728.9
36,male,28.9,3,no,northeast,6748.59
51,male,22.4,0,no,northeast,9361.33
41,female,33.2,3,no,northeast,8538.29
42,male,34.1,0,no,southwest,5979.73
42,female,23.4,0,yes,northeast,19964.75
18,male,28.3,1,no,northeast,11272.33
34,male,21.4,0,no,northeast,4500.34
38,female,28.0,3,no,southwest,7151.09
60,male,28.9,0,no,southwest,12146.97
21,male,29.0,0,no,northwest,1906.36
48,male,30.8,3,no,northeast,10141.14
21,female,34.6,0,no,southwest,2020.18
48,male,40.6,2,yes,northwest,45702.02
47,male,19.6,1,no,northwest,8428.07
44,male,30.2,2,yes,southwest,38998.55
42,male,24.9,0,no,southeast,5966.89
31,female,32.8,2,no,northwest,5327.4
64,female,39.1,3,no,southeast,16085.13
52,male,32.8,3,no,northwest,11289.11
19,female,27.9,0,yes,southwest,16884.92
64,female,31.8,2,no,northeast,16069.08
19,male,28.7,0,no,southwest,1253.94
28,male,29.3,2,no,northeast,4438.26
30,male,35.5,0,yes,southeast,36950.26
64,male,34.5,0,no,southwest,13822.8
22,male,28.9,0,no,northeast,2250.84
34,female,26.7,1,no,southeast,5002.78
40,female,23.4,3,no,northeast,8252.28
41,male,34.2,2,no,northwest,7261.74
43,male,23.2,0,no,southwest,6250.44
28,female,26.5,2,no,southeast,4340.44
59,female,36.8,1,yes,northeast,47896.79
51,female,36.7,2,no,northwest,10848.13
55,female,30.5,0,no,southwest,10704.47
18,female,38.3,0,no,southeast,14133.04
29,male,29.0,1,no,northeast,4040.56
30,female,21.9,1,no,northeast,4718.2
18,male,30.4,3,no,northeast,3481.87
54,male,21.0,2,no,southeast,11013.71
21,female,16.8,1,no,northeast,3167.46
24,female,33.3,0,no,northwest,2855.44
26,male,23.7,2,no,southwest,3484.33
51,male,39.7,1,no,southwest,9391.35
39,male,28.3,1,yes,southwest,21082.16
40,male,19.8,1,yes,southeast,17179.52
63,female,21.7,0,no,northeast,14449.85
56,female,35.8,1,no,southwest,11674.13
37,male,36.2,0,no,southeast,19214.71
29,female,29.6,1,no,southeast,3947.41
31,female,30.5,3,no,northeast,6113.23
26,female,29.5,1,no,southeast,3392.37
46,male,39.4,1,no,northeast,8342.91
47,female,33.9,3,no,northwest,10115.01
39,male,32.3,2,no,southeast,6338.08
57,female,20.1,1,no,southwest,12032.33
63,male,30.8,0,no,southwest,13390.56
32,female,44.2,0,no,southeast,3994.18
47,female,36.6,1,yes,southeast,42969.85
50,male,44.8,1,no,southeast,9058.73
40,female,22.2,2,yes,southeast,19444.27
19,male,20.3,0,no,southwest,1242.26
20,female,29.6,0,no,southwest,1875.34
23,male,26.5,0,no,southeast,1815.88
60,male,25.7,0,no,southeast,12142.58
48,female,33.1,0,yes,southeast,40974.16
22,male,35.6,0,yes,southwest,35585.58
59,male,26.4,0,no,southeast,11743.3
39,male,34.1,2,no,southeast,23563.02
48,male,36.7,1,no,northwest,28468.92
37,male,29.8,2,no,northeast,6406.41
54,male,25.5,1,no,northeast,25517.11
18,female,42.2,0,yes,southeast,38792.69
18,male,26.1,0,no,northeast,1708.93
40,male,29.4,1,no,northwest,6393.6
45,female,27.8,2,no,southeast,8515.76
59,male,25.5,1,no,northeast,12913.99
53,male,20.9,0,yes,southeast,21195.82
38,male,21.1,3,no,southeast,6652.53
63,female,32.2,2,yes,southwest,47305.31
27,female,25.2,0,no,northeast,3558.62
23,male,17.4,1,no,northwest,2775.19
21,female,22.1,0,no,northeast,2585.85
18,male,34.1,0,no,southeast,1137.01
38,female,19.5,2,no,northwest,6933.24
24,female,20.5,0,yes,northeast,14571.89
44,female,27.5,1,no,southwest,7626.99
33,female,38.9,3,no,southwest,5972.38
46,female,23.7,1,yes,northwest,21677.28
48,male,34.3,3,no,southwest,9563.03
52,male,41.8,2,yes,southeast,47269.85
56,male,36.1,3,no,southwest,12363.55
58,male,28.6,0,no,northwest,11735.88
31,male,25.9,3,yes,southwest,19199.94
20,female,30.6,0,no,northeast,2459.72
30,female,30.9,3,no,southwest,5325.65
22,male,25.2,0,no,northwest,2045.69
23,female,42.8,1,yes,northeast,40904.2
29,female,21.9,0,yes,northeast,16115.3
58,male,38.0,0,no,southwest,11365.95
19,female,17.8,0,no,southwest,1727.79
28,male,23.8,2,no,southwest,3847.67
39,male,26.4,0,yes,northeast,20149.32
50,female,28.1,3,no,northwest,11085.59
50,female,25.6,0,no,southwest,8932.08
27,female,24.1,0,no,southwest,2974.13
56,male,33.6,0,yes,northwest,43921.18
48,male,24.4,0,yes,southeast,21223.68
40,female,27.4,1,no,southwest,6496.89
63,male,39.8,3,no,southwest,15170.07
54,female,47.4,0,yes,southeast,63770.43
58,male,49.1,0,no,southeast,11381.33
43,female,26.7,2,yes,southwest,22478.6
30,male,37.8,2,yes,southwest,39241.44
25,male,24.1,0,yes,northwest,15817.99
32,female,17.8,2,yes,northwest,32734.19
26,female,42.4,1,no,southwest,3410.32
21,male,27.4,0,no,northeast,2104.11
18,male,35.2,1,no,southeast,1727.54
63,male,21.7,1,no,northwest,14349.85
40,male,30.9,4,no,northwest,8162.72
37,male,30.9,3,no,northwest,6796.86
19,female,28.9,0,no,southwest,1743.21
29,male,35.5,2,yes,southwest,44585.46
18,female,31.4,4,no,northeast,4561.19
31,male,36.3,2,yes,southwest,38711.0
23,male,18.7,0,no,northwest,21595.38
50,female,31.6,2,no,southwest,10118.42
25,male,26.2,0,no,northeast,2721.32
34,male,32.8,1,no,southwest,14358.36
45,male,23.6,2,no,northeast,8603.82
55,female,30.1,2,no,southeast,11881.97
60,female,32.5,0,yes,southeast,45008.96
49,male,25.8,1,no,northeast,9282.48
36,female,19.9,0,no,northeast,5458.05
18,female,31.9,0,no,northeast,2205.98
60,male,39.9,0,yes,southwest,48173.36
62,male,37.4,0,no,southwest,12979.36
39,female,23.9,5,no,southeast,8582.3
40,male,25.0,2,no,southeast,6593.51
19,male,20.7,0,no,southwest,1242.82
62,male,38.8,0,no,southeast,12981.35
20,male,35.3,1,no,southeast,27724.29
37,female,17.3,2,no,northeast,6877.98
41,female,33.0,0,no,northwest,6571.02
39,female,31.9,2,no,northwest,7209.49
61,female,29.1,0,yes,northwest,29141.36
46,female,27.7,0,no,northwest,8026.67
58,female,36.5,0,no,northwest,12235.84
18,female,37.3,1,no,southeast,2219.45
36,male,28.0,1,yes,northeast,20773.63
43,male,38.1,2,yes,southeast,42560.43
43,female,30.7,2,no,northwest,8310.84
41,female,36.1,1,no,southeast,6781.35
23,female,28.3,0,yes,northwest,18033.97
36,female,26.9,0,no,northwest,5267.82
41,female,28.1,1,no,southeast,6770.19
27,male,31.1,1,yes,southeast,34806.47
24,female,34.0,0,no,southeast,2473.33
59,female,34.8,2,no,southwest,36910.61
59,female,32.4,3,no,northeast,14590.63
21,male,31.3,0,no,northwest,1909.53
26,female,29.6,4,no,northeast,24671.66
18,female,29.2,0,no,northeast,7323.73
36,female,25.9,1,no,southwest,5472.45
49,female,30.8,1,no,northeast,9778.35
64,female,23.0,0,yes,southeast,27037.91
23,male,41.9,0,no,southeast,1837.28
19,male,20.9,1,no,southwest,1832.09
49,female,27.2,0,no,southeast,8601.33
38,male,16.8,2,no,northeast,6640.54
27,female,34.8,1,no,southwest,3578.0
36,male,35.2,1,yes,southeast,38709.18
28,female,25.8,0,no,southwest,3161.45
31,male,31.1,3,no,northwest,5425.02
40,male,35.3,3,no,southwest,7196.87
25,male,23.9,5,no,southwest,5080.1
62,female,32.7,0,no,northwest,13844.8
54,male,40.6,3,yes,northeast,48549.18
30,female,39.1,3,yes,southeast,40932.43
19,male,35.4,0,no,southwest,1263.25
63,female,35.2,1,no,southeast,14474.68
51,male,23.2,1,yes,southeast,22218.11
45,female,25.2,2,no,northeast,9095.07
45,female,25.7,3,no,southwest,9101.8
19,male,29.1,0,yes,northwest,17352.68
41,male,34.2,1,no,southeast,6289.75
52,male,24.3,3,yes,northeast,24869.84
43,female,35.7,2,no,northeast,19144.58
22,female,28.8,0,no,southeast,2156.75
52,male,34.5,3,yes,northwest,60021.4
56,male,25.9,0,no,northeast,11165.42
60,male,40.9,0,yes,southeast,48673.56
57,female,28.8,4,no,northeast,14394.4
50,male,26.6,0,no,southwest,8444.47
64,male,40.5,0,no,southeast,13831.12
33,female,33.5,0,yes,southwest,37079.37
59,female,26.5,0,no,northeast,12815.44
19,female,30.6,2,no,northwest,24059.68
29,female,25.6,4,no,southwest,5708.87
43,female,24.7,2,yes,northwest,21880.82
54,female,28.9,2,no,northeast,12096.65
51,female,25.8,1,no,southwest,9861.03
33,male,35.8,1,yes,southeast,38282.75
20,male,29.7,0,no,northwest,1769.53
53,male,28.6,3,no,southwest,11253.42
21,male,31.0,0,no,southeast,16586.5
41,male,28.4,1,no,northwest,6664.69
60,male,33.1,3,no,southeast,13919.82
35,female,35.9,2,no,southeast,5836.52
47,male,28.2,4,no,northeast,10407.09
58,female,22.8,0,no,southeast,11833.78
32,male,30.8,3,no,southwest,5253.52
43,female,29.9,1,no,southwest,7337.75
37,female,34.8,2,yes,southwest,39836.52
35,male,24.4,3,yes,southeast,19362.0
26,female,29.9,1,no,southeast,3392.98
36,male,41.9,3,yes,northeast,43753.34
21,female,25.8,0,no,southwest,2007.95
56,female,25.3,0,no,southwest,11070.54
18,male,23.0,0,no,northeast,1704.57
61,male,33.5,0,no,northeast,13143.34
18,female,28.2,0,no,northeast,2200.83
57,male,28.1,0,no,southwest,10965.45
49,female,27.1,1,no,southwest,26140.36
19,female,24.6,1,no,northwest,2709.24
19,female,30.0,0,yes,northwest,33307.55
18,female,40.2,0,no,northeast,2217.47
43,male,27.8,0,yes,southwest,37829.72
33,female,18.5,1,no,southwest,4766.02
46,female,34.6,1,yes,southwest,41661.6
18,female,36.9,0,yes,southeast,36149.48
62,female,26.3,0,yes,southeast,27808.73
36,male,34.4,2,no,southeast,5584.31
53,female,26.7,2,no,southwest,11150.78
58,female,27.2,0,no,northwest,12222.9
63,female,23.1,0,no,northeast,14451.84
35,male,27.6,1,no,southeast,4747.05
64,female,39.7,0,no,southwest,14319.03
58,female,33.4,0,no,northwest,12231.61
54,male,24.0,0,no,northeast,10422.92
35,male,34.3,3,no,southeast,5934.38
19,male,22.6,0,no,northwest,1628.47
48,male,37.3,2,no,southeast,8978.19
41,male,23.9,1,no,northeast,6858.48
51,female,36.4,3,no,northwest,11436.74
61,male,23.7,0,no,northeast,13129.6
57,female,31.8,0,no,northwest,11842.62
51,male,37.0,0,no,southwest,8798.59
35,female,26.1,0,no,northeast,5227.99
58,female,32.4,1,no,northeast,13019.16
38,male,37.1,1,no,northeast,6079.67
61,female,25.1,0,no,southeast,24513.09
41,female,31.6,1,no,northeast,7358.18
35,male,30.5,1,no,southwest,4751.07
57,female,31.2,0,yes,northwest,43578.94
51,male,32.3,1,no,northeast,9964.06
24,male,26.8,1,no,northwest,12609.89
19,female,32.1,0,no,northwest,2130.68
30,male,44.2,2,no,southeast,4266.17
58,male,30.3,0,no,northeast,11938.26
55,male,33.9,3,no,southeast,11987.17
61,female,21.1,0,no,northwest,13415.04
53,male,21.4,1,no,southwest,10065.41
28,female,33.0,2,no,southeast,4349.46
53,male,31.2,1,no,northwest,10461.98
31,male,27.6,2,no,northeast,5031.27
19,female,33.1,0,yes,southeast,34439.86
44,female,36.5,0,no,northeast,12797.21
45,female,31.8,0,no,southeast,17929.3
52,female,30.9,0,no,northeast,23045.57
20,female,31.9,0,no,northwest,2261.57
60,male,37.0,0,no,northeast,12741.17
26,male,17.7,0,no,northwest,2680.95
29,male,33.3,2,no,northwest,19442.35
24,female,24.2,0,no,northwest,2842.76
51,female,35.0,2,yes,northeast,44641.2
40,female,29.8,1,no,southeast,6500.24
22,male,31.7,0,no,northeast,2254.8
39,female,23.3,3,no,northeast,7986.48
50,female,46.1,1,no,southeast,9549.57
52,female,37.5,2,no,northwest,33471.97
25,male,29.7,3,yes,southwest,19933.46
41,male,35.8,1,yes,southeast,40273.65
24,male,28.5,2,no,northwest,3537.7
18,male,21.6,0,yes,northeast,13747.87
24,male,31.1,0,yes,northeast,34254.05
44,male,30.7,2,no,southeast,7731.43
35,male,27.7,2,yes,northeast,20984.09
47,female,27.6,2,yes,northwest,24535.7
41,male,29.6,5,no,northeast,9222.4
44,female,25.8,1,no,southwest,7624.63
54,male,30.2,0,no,northwest,10231.5
20,female,28.8,0,no,northeast,2457.21
20,male,32.4,1,no,northwest,2362.23
26,male,31.1,0,no,northwest,2699.57
49,male,32.3,3,no,northwest,10269.46
18,female,30.3,0,no,northeast,2203.74
24,male,32.7,0,yes,southwest,34472.84
52,female,23.2,0,no,northeast,10197.77
19,male,30.6,0,no,northwest,1639.56
35,male,28.9,3,no,southwest,5926.85
20,female,37.0,5,no,southwest,4830.63
26,female,29.4,2,no,northeast,4564.19
30,female,43.1,2,no,southeast,4753.64
29,female,25.9,0,no,southwest,3353.28
30,male,23.0,2,yes,northwest,17361.77
57,male,31.5,0,no,northwest,11353.23
37,male,22.7,3,no,northeast,6985.51
39,male,42.7,0,no,northeast,5757.41
36,female,22.1,3,no,northeast,7228.22
54,male,30.0,0,no,northwest,24476.48
44,female,20.2,1,yes,northeast,19594.81
60,female,28.7,1,no,southwest,13224.69
60,male,32.8,0,yes,southwest,52590.83
59,male,31.8,2,no,southeast,12928.79
46,female,27.7,1,no,southeast,8232.64
27,female,30.6,1,no,northeast,16796.41
44,male,27.4,2,no,southwest,7726.85
36,male,29.7,0,no,southeast,4399.73
19,male,37.0,0,yes,northwest,36219.41
23,male,23.8,0,no,northeast,2395.17
40,female,29.3,4,no,southwest,15828.82
40,female,33.0,3,no,southeast,7682.67
34,male,34.7,0,no,northeast,4518.83
38,male,27.8,2,no,northwest,6455.86
62,female,30.5,2,no,northwest,15019.76
22,male,52.6,1,yes,southeast,44501.4
34,male,35.8,0,no,northwest,4320.41
20,male,35.6,3,yes,northwest,37465.34
18,female,31.1,0,no,southeast,1621.88
53,male,29.5,0,no,southeast,9487.64
43,male,26.0,0,no,northeast,6837.37
32,female,29.8,2,no,southwest,5152.13
49,male,35.9,0,no,southeast,8124.41
62,male,27.6,1,no,northwest,13937.67
18,male,28.5,0,no,northeast,1712.23
20,male,31.1,2,no,southeast,2566.47
22,female,39.8,0,no,northeast,2755.02
49,female,31.9,5,no,southwest,11552.9
53,male,36.6,3,no,southwest,11264.54
19,male,25.2,0,no,northwest,1632.04
19,male,26.0,1,yes,northwest,16450.89
50,male,25.3,0,no,southeast,8442.67
59,male,37.4,0,no,southwest,21797.0
47,male,32.3,1,no,southwest,8062.76
62,female,38.1,2,no,northeast,15230.32
52,male,47.7,1,no,southeast,9748.91
21,male,36.9,0,no,northwest,1917.32
19,male,35.5,0,no,northwest,1646.43
25,female,24.3,3,no,southwest,4391.65
18,male,25.2,0,yes,northeast,15518.18
23,female,24.2,2,no,northeast,22395.74
59,male,28.8,0,no,northwest,12129.61
32,female,31.5,1,no,northeast,5148.55
61,female,35.9,0,no,northeast,13635.64
41,male,30.6,2,no,northwest,7256.72
58,female,29.0,0,no,southwest,11842.44
40,female,41.4,1,no,northwest,28476.73
27,female,18.0,2,yes,northeast,15006.58
19,male,34.4,0,no,southwest,1261.86
21,male,31.1,0,no,southwest,1526.31
26,male,35.4,0,no,southeast,2322.62
29,male,34.4,0,yes,southwest,36197.7
55,female,27.0,0,no,northwest,11082.58
53,female,36.9,3,yes,northwest,46661.44
62,female,25.0,0,no,southwest,13451.12
32,male,28.9,1,yes,southeast,19719.69
24,female,27.6,0,no,southwest,18955.22
48,male,32.3,1,no,northwest,8765.25
22,female,30.4,0,yes,northwest,33907.55
39,female,32.8,0,no,southwest,5649.72
19,female,24.7,0,no,southwest,1737.38
29,female,32.1,2,no,northwest,4922.92
53,female,32.3,2,no,northeast,29186.48
31,male,25.9,1,no,northwest,4239.89
18,male,21.8,2,no,southeast,11884.05
19,male,27.7,0,yes,southwest,16297.85
28,female,37.6,1,no,southeast,3766.88
19,female,39.6,1,no,northwest,2730.11
57,male,34.0,0,no,northwest,11356.66
39,male,21.9,1,no,northwest,6117.49
27,male,42.1,0,yes,southeast,39611.76
58,female,28.2,0,no,northwest,12224.35
32,male,31.5,1,no,southwest,4076.5
52,male,36.8,2,no,northwest,26467.1
26,female,19.8,1,no,southwest,3378.91
37,female,25.6,1,yes,northeast,20296.86
50,female,27.6,1,yes,southwest,24520.26
58,male,34.4,0,no,northwest,11743.93
57,male,29.0,0,yes,northeast,27218.44
18,male,37.3,0,no,southeast,1141.45
28,female,23.8,2,no,northwest,4719.74
52,male,32.2,3,no,northeast,11488.32
37,male,29.8,0,no,southwest,20420.6
47,female,32.0,1,no,southwest,8551.35
58,male,25.2,0,no,northeast,11931.13
44,male,38.1,1,no,southeast,7152.67
60,female,27.6,0,no,northeast,13217.09
41,female,32.2,1,no,southwest,6775.96
61,female,44.0,0,no,southwest,13063.88
27,male,45.9,2,no,southwest,3693.43
19,male,28.4,1,no,southwest,1842.52
48,female,28.9,1,no,northwest,9249.5
43,female,25.1,0,no,northeast,7325.05
26,male,30.0,1,no,southwest,2904.09
53,female,28.1,3,no,southwest,11741.73
60,female,24.5,0,no,southeast,12629.9
39,female,34.1,3,no,southwest,7418.52
36,male,27.6,3,no,northeast,6746.74
38,male,28.0,1,no,northeast,6067.13
27,male,32.7,0,no,southeast,2497.04
31,male,34.4,3,yes,northwest,38746.36
18,female,31.4,0,no,southeast,1622.19
62,male,31.5,1,no,southeast,27000.98
24,female,23.2,0,no,southeast,25081.77
41,male,40.3,0,no,southeast,5709.16
21,male,25.7,4,yes,southwest,17942.11
48,female,33.3,0,no,southeast,8283.68
27,male,29.2,0,yes,southeast,18246.5
53,female,24.8,1,no,northwest,10942.13
42,female,29.5,2,no,southeast,7640.31
36,female,29.9,1,no,southeast,5478.04
63,male,31.4,0,no,northeast,13974.46
29,male,22.9,0,yes,northeast,16138.76
62,female,39.2,0,no,southwest,13470.86
49,female,36.6,3,no,southeast,10381.48
50,male,26.4,0,no,northwest,8827.21
18,female,38.3,0,no,southeast,1631.82
34,female,37.3,2,no,northwest,5989.52
29,male,37.3,2,no,southeast,4058.12
37,female,23.4,2,no,northwest,6686.43
18,male,31.7,2,yes,southeast,34303.17
47,female,29.5,1,no,northwest,8930.93
56,female,28.3,0,no,northeast,11657.72
61,male,33.9,0,no,northeast,13143.86
47,male,29.8,3,no,northwest,9620.33
52,male,30.2,1,no,southwest,9724.53
28,male,31.7,0,yes,southeast,34672.15
29,female,35.5,0,no,southeast,3366.67
55,female,26.8,1,no,southwest,35160.13
50,female,23.5,2,no,southeast,10107.22
21,female,21.9,2,no,southeast,3180.51
23,female,36.7,2,yes,northeast,38511.63
23,male,34.4,0,no,southwest,1826.84
56,female,39.8,0,no,southeast,11090.72
57,female,38.0,2,no,southwest,12646.21
52,female,24.1,1,yes,northwest,23887.66
46,female,48.1,2,no,northeast,9432.93
47,male,25.4,1,yes,southeast,21978.68
28,male,33.0,3,no,southeast,4449.46
61,male,28.3,1,yes,northwest,28868.66
45,female,33.1,0,no,southwest,7345.08
41,male,32.2,2,no,southwest,6875.96
64,female,33.8,1,yes,southwest,47928.03
57,male,42.1,1,yes,southeast,48675.52
33,female,39.8,1,no,southeast,4795.66
32,male,33.6,1,yes,northeast,37607.53
52,female,33.3,2,no,southwest,10806.84
59,female,26.7,3,no,northwest,14382.71
24,male,40.2,0,yes,southeast,38126.25
51,male,24.8,2,yes,northwest,23967.38
56,female,26.6,1,no,northwest,12044.34
42,male,35.8,2,no,southwest,7160.09
44,male,21.9,3,no,northeast,8891.14
49,male,37.5,2,no,southeast,9304.7
18,male,17.3,2,yes,northeast,12829.46
40,female,29.6,0,no,southwest,5910.94
42,female,26.6,0,yes,northwest,21348.71
22,male,26.8,0,no,southeast,1665.0
59,female,36.5,1,no,southeast,28287.9
26,female,22.6,0,no,northwest,3176.82
46,male,19.9,0,no,northwest,7526.71
18,female,25.1,0,no,northeast,2196.47
31,male,20.4,0,no,southwest,3260.2
39,male,35.3,2,yes,southwest,40103.89
19,male,17.5,0,no,northwest,1621.34
58,female,33.1,0,no,southwest,11848.14
48,male,29.6,0,no,southwest,21232.18
57,female,22.2,0,no,northeast,12029.29
37,male,34.2,1,yes,northeast,39047.29
51,male,36.0,1,no,southeast,9386.16
24,female,39.5,0,no,southeast,2480.98
59,female,31.4,0,no,northwest,12622.18
30,male,31.4,1,no,southwest,3659.35
22,female,30.4,0,no,northeast,2741.95
50,male,25.4,2,no,northwest,30284.64
40,female,32.8,2,yes,northwest,40003.33
54,male,39.6,1,no,southwest,10450.55
21,female,34.9,0,no,southeast,2020.55
55,female,35.2,0,yes,southeast,44423.8
26,male,33.9,1,no,northwest,3292.53
28,female,34.8,0,no,northwest,3556.92
55,male,30.7,0,yes,northeast,42303.69
54,male,34.2,2,yes,southeast,44260.75
19,female,23.4,2,no,southwest,2913.57
53,female,37.4,1,no,northwest,10959.69
29,male,27.9,0,no,southeast,2867.12
21,male,22.3,1,no,southwest,2103.08
54,male,25.1,3,yes,southwest,25382.3
38,female,40.6,1,no,northwest,6373.56
26,male,27.3,3,no,northeast,4661.29
44,female,26.4,0,no,northwest,7419.48
64,male,33.9,0,yes,southeast,46889.26
40,male,25.1,0,no,southeast,5415.66
33,male,29.4,4,no,southwest,6059.17
26,female,17.2,2,yes,northeast,14455.64
48,female,22.8,0,no,southwest,8269.04
61,male,36.3,1,yes,southwest,47403.88
45,male,24.3,5,no,southeast,9788.87
24,male,32.0,0,no,southeast,1981.58
44,female,37.0,1,no,northwest,8023.14
48,female,35.9,1,no,northeast,26392.26
31,male,29.8,0,yes,southeast,19350.37
20,female,33.3,0,no,southwest,1880.49
24,male,25.8,0,no,southwest,1972.95
40,male,22.7,2,no,northeast,7173.36
56,female,41.9,0,no,southeast,11093.62
18,male,41.1,0,no,southeast,1146.8
42,male,37.2,2,no,southeast,7162.01
53,female,39.6,1,no,southeast,10579.71
46,male,40.4,2,no,northwest,8733.23
39,female,24.9,3,yes,northeast,21659.93
33,female,36.3,3,no,northeast,6551.75
64,male,26.4,0,no,northeast,14394.56
22,female,27.1,0,no,southwest,2154.36
38,male,29.3,2,no,northwest,6457.84
52,male,27.4,0,yes,northwest,24393.62
18,female,21.7,0,yes,northeast,14283.46
26,male,32.5,1,no,northeast,3490.55
48,female,27.9,4,no,northwest,11015.17
33,male,33.4,5,no,southeast,6653.79
34,female,27.7,0,no,southeast,4415.16
21,male,23.8,2,no,northwest,3077.1
54,female,31.9,3,no,southeast,27322.73
45,female,36.3,2,no,southeast,8527.53
43,male,36.0,3,yes,southeast,42124.52
29,female,26.0,0,no,northwest,3736.46
35,female,34.2,1,no,southeast,5245.23
52,female,31.7,2,no,northwest,11187.66
19,female,20.6,0,no,southwest,1731.68
51,male,42.9,2,yes,southeast,47462.89
28,female,25.9,1,no,northwest,4133.64
54,female,23.0,3,no,southwest,12094.48
55,male,37.3,0,no,southwest,20630.28
25,female,42.1,1,no,southeast,3238.44
49,male,29.8,1,no,northeast,9288.03
39,male,29.6,4,no,southwest,7512.27
64,male,37.9,0,no,northwest,14210.54
59,male,29.8,3,yes,northeast,30184.94
31,female,26.6,0,no,southeast,3757.84
63,female,31.8,0,no,southwest,13880.95
58,male,32.0,1,no,southeast,11946.63
32,male,37.3,1,no,northeast,4667.61
62,male,30.9,3,yes,northwest,46718.16
20,female,33.0,0,no,southeast,1880.07
42,male,26.1,2,no,northeast,7729.65
55,male,35.2,1,no,northeast,11394.07
55,male,29.0,0,no,northeast,10796.35
54,female,32.3,1,no,northeast,11512.41
41,female,33.1,2,no,northwest,7749.16
38,male,34.7,2,no,southwest,6082.41
51,female,40.7,0,no,northeast,9875.68
46,male,25.8,5,no,southwest,10096.97
20,male,30.1,5,no,northeast,4915.06
30,female,23.7,3,yes,northwest,18765.88
40,male,34.1,1,no,northeast,6600.21
29,male,27.2,0,no,southwest,2866.09
19,female,28.9,0,yes,northwest,17748.51
18,female,20.8,0,no,southeast,1607.51
19,male,21.8,0,no,northwest,1627.28
42,male,26.9,0,no,southwest,5969.72
56,female,27.2,0,no,southwest,11073.18
42,male,24.6,0,yes,southeast,19515.54
28,male,35.4,0,no,northeast,3268.85
30,female,32.4,1,no,southwest,4149.74
58,female,33.0,0,no,northeast,12430.95
32,female,20.5,0,no,northeast,4544.23
33,female,28.3,1,no,southeast,4779.6
18,female,40.3,0,no,southeast,1634.57
56,male,40.3,0,no,southwest,10602.39
20,female,29.0,0,no,northwest,2257.48
36,female,22.6,2,yes,southwest,18608.26
38,female,37.7,0,no,southeast,5397.62
24,male,35.9,0,no,southeast,1986.93
38,female,40.2,0,no,southeast,5400.98
22,male,20.0,3,no,northeast,4005.42
46,male,33.3,1,no,northeast,8334.46
49,female,23.2,2,no,northwest,10156.78
30,male,25.5,0,no,northeast,3645.09
18,female,39.8,0,no,southeast,1633.96
61,male,31.6,0,no,southeast,12557.61
23,male,32.6,0,no,southeast,1824.29
28,male,24.0,3,yes,southeast,17663.14
21,male,26.0,0,no,northeast,2102.26
58,female,31.8,2,no,northeast,13607.37
30,male,37.4,3,no,northeast,5428.73
35,female,34.8,1,no,southwest,5246.05
35,male,36.7,1,yes,northeast,39774.28
37,male,30.8,0,no,southwest,4646.76
50,male,32.3,2,no,southwest,9630.4
42,female,29.0,1,no,southwest,7050.64
61,female,28.2,0,no,southwest,13041.92
64,male,38.2,0,no,northeast,14410.93
18,male,33.8,1,no,southeast,1725.55
43,male,25.5,5,no,southeast,14478.33
45,male,36.5,2,yes,northwest,42760.5
30,male,28.7,3,yes,northwest,20745.99
43,female,35.6,1,no,southeast,7345.73
57,female,25.7,2,no,southeast,12629.17
64,male,24.7,1,no,northwest,30166.62
64,female,26.9,0,yes,northwest,29330.98
45,male,20.4,3,no,southeast,8605.36
61,male,36.1,3,no,southwest,27941.29
47,male,28.2,3,yes,northwest,24915.22
62,male,32.0,0,yes,northeast,45710.21
23,female,31.4,0,yes,southwest,34166.27
63,female,36.9,0,no,southeast,13887.97
24,male,23.7,0,no,northwest,2352.97
19,female,29.8,0,no,southwest,1744.47
44,female,27.6,0,no,northwest,7421.19
29,female,31.2,0,no,northeast,3943.6
23,male,37.1,3,no,southwest,3597.6
38,female,30.2,3,no,northwest,7537.16
57,male,23.7,0,no,southwest,10959.33
47,male,36.2,0,yes,southeast,41676.08
60,female,38.1,0,no,southeast,12648.7
44,female,38.1,0,yes,southeast,48885.14
48,female,41.2,4,no,northwest,11033.66
27,male,30.3,3,no,southwest,4260.74
61,female,33.3,4,no,southeast,36580.28
63,male,41.3,3,no,northwest,15555.19
47,female,29.4,1,no,southeast,8547.69
53,female,22.9,1,yes,southeast,23244.79
50,male,27.5,1,no,northeast,9617.66
45,male,28.7,2,no,southwest,8027.97
47,male,25.5,2,no,northeast,9225.26
55,female,29.8,0,no,northeast,11286.54
18,female,32.1,2,no,southeast,2801.26
52,female,44.7,3,no,southwest,11411.69
22,male,39.5,0,no,southwest,1682.6
53,male,31.4,0,no,southeast,27346.04
42,male,26.3,1,no,northwest,6940.91
25,male,26.7,4,no,northwest,4877.98
36,male,28.6,3,no,northwest,6548.2
30,female,27.9,0,no,northeast,4137.52
19,male,20.6,2,no,northwest,2803.7
52,female,31.2,0,no,southwest,9625.92
52,female,25.3,2,yes,southeast,24667.42
43,female,26.9,0,yes,northwest,21774.32
42,female,33.2,1,no,northeast,7639.42
62,female,29.9,0,no,southeast,13457.96
30,male,24.4,3,yes,southwest,18259.22
19,female,31.8,1,no,northwest,2719.28
51,male,31.6,0,no,northwest,9174.14
18,male,34.4,0,no,southeast,1137.47
32,female,24.6,0,yes,southwest,17496.31
49,male,30.3,0,no,southwest,8116.68
59,male,41.1,1,yes,southeast,48970.25
48,male,29.7,0,no,southeast,7789.64
23,female,28.5,1,yes,southeast,18328.24
51,male,30.0,1,no,southeast,9377.9
44,female,24.0,2,no,southeast,8211.1
60,female,18.3,0,no,northeast,13204.29
37,female,30.8,2,no,southeast,6313.76
18,female,27.3,3,yes,southeast,18223.45
44,female,39.0,0,yes,northwest,42983.46
62,female,33.0,3,no,northwest,15612.19
19,male,20.4,0,no,northwest,1625.43
56,male,34.4,0,no,southeast,10594.23
52,female,38.4,2,no,northeast,11396.9
34,male,22.4,2,no,northeast,27375.9
60,male,29.6,0,no,northeast,12731.0
34,female,23.6,0,no,northeast,4992.38
37,male,28.0,2,no,northwest,6203.9
19,female,28.4,1,no,southwest,2331.52
28,male,27.0,2,no,northeast,4435.09
25,male,25.0,2,no,northeast,23241.47
33,male,35.8,2,no,southeast,4890.0
42,female,26.2,1,no,southeast,7046.72
48,male,35.6,4,no,northeast,10736.87
39,male,24.5,2,no,northwest,6710.19
48,male,40.2,0,no,southeast,7804.16
50,female,30.1,1,no,northwest,9910.36
61,female,36.4,1,yes,northeast,48517.56
19,male,27.6,0,no,southwest,1252.41
43,male,30.1,1,no,southwest,6849.03
51,female,18.1,0,no,northwest,9644.25
19,male,30.6,0,no,northwest,1639.56
50,female,27.4,0,no,northeast,25656.58
64,female,39.3,0,no,northeast,14901.52
57,male,40.9,0,no,northeast,11566.3
36,female,26.2,0,no,southwest,4883.87
24,male,23.4,0,no,southwest,1969.61
62,male,30.0,0,no,northwest,13352.1
55,female,33.5,2,no,northwest,12269.69
25,female,34.0,1,no,southeast,3227.12
28,female,33.4,0,no,southwest,3172.02
38,female,28.9,1,no,southeast,5974.38
55,female,40.8,3,no,southeast,12485.8
26,male,30.9,2,no,northwest,3877.3
57,female,24.0,1,no,southeast,22192.44
27,male,28.5,0,yes,northwest,18310.74
54,male,33.6,1,no,northwest,10825.25
54,female,27.6,1,no,northwest,11305.93
44,male,37.1,2,no,southwest,7740.34
31,female,21.8,0,no,northwest,4134.08
23,female,23.2,2,no,northwest,14426.07
51,male,33.3,3,no,southeast,10560.49
25,male,25.8,1,no,northeast,3309.79
47,male,36.1,1,yes,southeast,42211.14
61,male,38.4,0,no,northwest,12950.07
49,male,22.5,0,no,northeast,8688.86
18,male,30.0,1,no,southeast,1720.35
49,male,25.8,2,yes,northwest,23807.24
38,male,28.3,1,no,southeast,5484.47
55,female,32.4,1,no,northeast,11879.1
26,male,27.1,0,yes,southeast,17043.34
18,female,36.9,0,no,southeast,1629.83
21,male,20.2,3,no,northeast,3861.21
27,male,23.1,0,no,southeast,2483.74
58,male,23.3,0,no,southwest,11345.52
40,male,29.9,2,no,southwest,6600.36
63,male,33.7,3,no,southeast,15161.53
43,male,27.4,3,no,northeast,8606.22
42,male,28.3,3,yes,northwest,32787.46
52,male,26.4,3,no,southeast,25992.82
38,female,27.8,2,no,northeast,7144.86
42,male,26.1,1,yes,southeast,38245.59
39,male,29.9,1,yes,northeast,22462.04
44,male,22.1,2,no,northeast,8302.54
34,female,38.0,3,no,southwest,6196.45
29,male,31.7,2,no,northwest,4433.39
32,male,30.0,1,no,southeast,4074.45
19,female,37.4,0,no,northwest,2138.07
36,female,30.0,0,no,northwest,5272.18
59,female,27.8,3,no,southeast,14001.29
18,male,31.7,0,yes,northeast,33732.69
37,female,30.8,0,yes,northeast,37270.15
58,female,41.9,0,no,southeast,24227.34
32,male,28.9,0,no,northwest,3866.86
20,female,21.8,0,yes,southwest,20167.34
44,male,31.4,1,yes,northeast,39556.49
46,male,43.9,3,no,southeast,8944.12
35,female,35.8,1,no,northwest,5630.46
29,female,38.8,3,no,southeast,5138.26
63,male,36.8,0,no,northeast,13981.85
25,male,25.7,0,no,southeast,2137.65
19,female,22.5,0,no,northwest,2117.34
64,male,39.2,1,no,southeast,14418.28
