age,sex,bmi,children,smoker,region,expenses
52,male,47.7,1,no,southeast,9748.91
56,male,33.7,4,no,southeast,12949.16
19,male,21.8,0,no,northwest,1627.28
26,male,32.9,2,yes,southwest,36085.22
60,male,37.0,0,no,northeast,12741.17
33,female,18.5,1,no,southwest,4766.02
40,male,30.9,4,no,northwest,8162.72
51,male,24.4,4,no,northwest,11520.1
43,male,38.1,2,yes,southeast,42560.43
26,male,46.5,1,no,southeast,2927.06
64,female,33.0,0,no,northwest,14692.67
61,female,25.1,0,no,southeast,24513.09
49,male,32.3,3,no,northwest,10269.46
21,female,21.9,2,no,southeast,3180.51
64,male,38.2,0,no,northeast,14410.93
38,female,27.8,2,no,northeast,7144.86
50,female,27.4,0,no,northeast,25656.58
32,male,46.5,2,no,southeast,4686.39
42,female,29.0,1,no,southwest,7050.64
19,female,37.4,0,no,northwest,2138.07
38,female,30.2,3,no,northwest,7537.16
53,female,36.9,3,yes,northwest,46661.44
18,male,41.1,0,no,southeast,1146.8
31,male,31.1,3,no,northwest,5425.02
20,male,32.4,1,no,northwest,2362.23
20,female,28.8,0,no,northeast,2457.21
46,female,35.5,0,yes,northeast,42111.66
37,female,34.8,2,yes,southwest,39836.52
47,female,29.5,1,no,northwest,8930.93
39,female,34.1,3,no,southwest,7418.52
42,female,40.4,2,yes,southeast,43896.38
42,female,25.3,1,no,southwest,7045.5
39,male,21.9,1,no,northwest,6117.49
18,male,23.0,0,no,northeast,1704.57
47,male,19.2,1,no,northeast,8627.54
48,female,22.8,0,no,southwest,8269.04
40,male,35.3,3,no,southwest,7196.87
31,female,30.5,3,no,northeast,6113.23
39,male,29.6,4,no,southwest,7512.27
61,male,38.4,0,no,northwest,12950.07
63,male,33.7,3,no,southeast,15161.53
34,male,27.8,1,yes,northwest,20009.63
45,female,30.5,1,yes,northwest,39725.52
41,male,34.2,1,no,southeast,6289.75
39,female,31.9,2,no,northwest,7209.49
64,female,23.0,0,yes,southeast,27037.91
62,male,31.5,1,no,southeast,27000.98
22,female,28.1,0,no,southeast,2155.68
18,male,23.3,1,no,southeast,1711.03
27,female,30.4,3,no,northwest,18804.75
59,female,23.7,0,yes,northwest,25678.78
39,female,34.3,5,no,southeast,8596.83
40,male,29.4,1,no,northwest,6393.6
29,male,27.9,0,no,southeast,2867.12
33,male,35.8,2,no,southeast,4890.0
50,male,36.2,0,no,southwest,8457.82
58,female,36.5,0,no,northwest,12235.84
28,male,27.0,2,no,northeast,4435.09
39,female,26.3,2,no,northwest,7201.7
56,female,26.6,1,no,northwest,12044.34
23,female,28.5,1,yes,southeast,18328.24
19,male,25.6,0,no,northwest,1632.56
25,male,26.2,0,no,northeast,2721.32
54,male,25.5,1,no,northeast,25517.11
38,female,30.7,1,no,southeast,5976.83
28,male,38.1,0,no,southeast,2689.5
28,female,24.3,1,no,northeast,23288.93
21,male,27.4,0,no,northeast,2104.11
48,male,34.3,3,no,southwest,9563.03
25,female,42.1,1,no,southeast,3238.44
23,female,23.2,2,no,northwest,14426.07
21,female,16.8,1,no,northeast,3167.46
64,male,37.9,0,no,northwest,14210.54
62,female,30.5,2,no,northwest,15019.76
53,female,26.7,2,no,southwest,11150.78
53,female,22.9,1,yes,southeast,23244.79
62,male,39.9,0,no,southeast,12982.87
59,male,29.7,2,no,southeast,12925.89
54,male,32.8,0,no,northeast,10435.07
18,female,31.1,0,no,southeast,1621.88
41,female,31.0,0,no,southeast,6185.32
42,male,24.9,0,no,southeast,5966.89
64,female,31.3,2,yes,southwest,47291.06
43,male,23.2,0,no,southwest,6250.44
18,male,39.1,0,no,northeast,12890.06
47,male,36.2,0,yes,southeast,41676.08
38,male,20.0,1,no,northwest,5855.9
22,male,35.6,0,yes,southwest,35585.58
64,male,24.7,1,no,northwest,30166.62
21,male,36.9,0,no,northwest,1917.32
20,female,26.8,1,yes,southeast,17085.27
37,male,30.9,3,no,northwest,6796.86
18,male,27.4,1,yes,northeast,17178.68
44,female,20.2,1,yes,northeast,19594.81
35,male,39.7,4,no,northeast,19496.72
61,female,31.2,0,no,northwest,13429.04
18,male,38.2,0,yes,southeast,36307.8
51,male,27.7,1,no,northeast,9957.72
63,female,32.2,2,yes,southwest,47305.31
34,female,23.6,0,no,northeast,4992.38
52,male,38.6,2,no,southwest,10325.21
43,female,26.7,2,yes,southwest,22478.6
43,male,32.6,2,no,southwest,7441.5
59,male,25.5,1,no,northeast,12913.99
24,female,26.6,0,no,northeast,3046.06
50,male,31.0,3,no,northwest,10600.55
38,female,34.8,2,no,southwest,6571.54
21,male,31.1,0,no,southwest,1526.31
19,female,22.5,0,no,northwest,2117.34
49,female,27.2,0,no,southeast,8601.33
57,female,34.3,2,no,northeast,13224.06
35,male,24.1,1,no,northwest,5125.22
31,female,31.1,0,no,northeast,4347.02
26,female,29.4,2,no,northeast,4564.19
42,male,31.3,0,no,northwest,6358.78
25,female,34.5,0,no,northwest,3021.81
35,female,38.1,2,no,northeast,24915.05
51,female,18.1,0,no,northwest,9644.25
23,female,28.0,0,no,southwest,13126.68
27,female,34.8,1,no,southwest,3578.0
43,male,35.3,2,no,southeast,18806.15
30,male,35.5,0,yes,southeast,36950.26
46,female,20.0,2,no,northwest,9193.84
46,female,30.8,3,no,southwest,9414.92
50,female,26.2,2,no,northwest,10493.95
52,female,46.8,5,no,southeast,12592.53
21,female,17.4,1,no,southwest,2585.27
40,female,29.3,4,no,southwest,15828.82
31,male,34.4,3,yes,northwest,38746.36
44,male,22.1,2,no,northeast,8302.54
52,female,18.3,0,no,northwest,9991.04
19,female,24.7,0,no,southwest,1737.38
30,female,30.9,3,no,southwest,5325.65
41,female,37.1,2,no,southwest,7371.77
29,male,29.6,1,no,northeast,20277.81
46,male,33.4,1,no,northeast,8334.59
59,female,31.4,0,no,northwest,12622.18
28,male,35.4,0,no,northeast,3268.85
42,male,26.9,0,no,southwest,5969.72
19,male,24.6,1,no,southwest,1837.24
38,male,27.8,2,no,northwest,6455.86
47,male,25.5,2,no,northeast,9225.26
50,male,26.4,0,no,northwest,8827.21
50,female,27.6,1,yes,southwest,24520.26
21,female,35.7,0,no,northwest,2404.73
44,male,31.4,1,yes,northeast,39556.49
52,female,24.9,0,no,southeast,27117.99
29,female,29.6,1,no,southeast,3947.41
41,male,28.4,1,no,northwest,6664.69
58,male,34.4,0,no,northwest,11743.93
45,male,39.8,0,no,northeast,7448.4
63,female,31.8,0,no,southwest,13880.95
50,female,46.1,1,no,southeast,9549.57
38,male,29.3,2,no,northwest,6457.84
32,male,33.8,1,no,northwest,4462.72
37,male,22.7,3,no,northeast,6985.51
38,female,19.5,2,no,northwest,6933.24
38,male,28.0,1,no,northeast,6067.13
45,male,28.7,2,no,southwest,8027.97
30,male,37.4,3,no,northeast,5428.73
61,male,33.9,0,no,northeast,13143.86
51,female,38.1,0,yes,southeast,44400.41
49,male,30.3,0,no,southwest,8116.68
23,male,18.7,0,no,northwest,21595.38
37,female,23.4,2,no,northwest,6686.43
62,female,36.9,1,no,northeast,31620.0
27,male,18.9,3,no,northeast,4827.9
49,female,30.8,1,no,northeast,9778.35
44,female,37.0,1,no,northwest,8023.14
40,female,33.0,3,no,southeast,7682.67
47,male,36.2,1,no,southwest,8068.19
41,female,36.1,1,no,southeast,6781.35
48,male,30.8,3,no,northeast,10141.14
44,female,26.4,0,no,northwest,7419.48
42,male,26.1,1,yes,southeast,38245.59
56,female,25.7,0,no,northwest,11454.02
41,female,33.2,3,no,northeast,8538.29
22,male,26.8,0,no,southeast,1665.0
21,male,35.5,0,no,southeast,1532.47
21,male,25.7,4,yes,southwest,17942.11
29,male,34.4,0,yes,southwest,36197.7
33,male,24.6,2,no,northwest,5257.51
33,male,22.7,0,no,northwest,21984.47
45,male,24.3,5,no,southeast,9788.87
19,female,31.8,1,no,northwest,2719.28
56,male,36.1,3,no,southwest,12363.55
38,male,16.8,2,no,northeast,6640.54
46,male,24.8,3,no,northeast,9500.57
37,female,27.7,3,no,northwest,7281.51
48,male,24.4,0,yes,southeast,21223.68
56,male,33.6,0,yes,northwest,43921.18
56,female,27.2,0,no,southwest,11073.18
43,female,46.2,0,yes,southeast,45863.21
50,male,25.4,2,no,northwest,30284.64
19,male,30.6,0,no,northwest,1639.56
59,male,27.5,1,no,southwest,12333.83
64,female,36.0,0,no,southeast,14313.85
54,male,30.0,0,no,northwest,24476.48
18,male,28.5,0,no,northeast,1712.23
40,female,36.2,0,no,southeast,5920.1
21,male,22.3,1,no,southwest,2103.08
18,female,36.9,0,no,southeast,1629.83
19,male,27.3,2,no,northwest,22493.66
31,male,27.6,2,no,northeast,5031.27
40,female,28.7,3,no,northwest,8059.68
53,male,36.1,1,no,southwest,10085.85
39,male,26.4,0,yes,northeast,20149.32
60,female,36.0,0,no,northeast,13228.85
44,female,24.0,2,no,southeast,8211.1
64,female,39.3,0,no,northeast,14901.52
55,male,21.5,1,no,southwest,10791.96
28,female,17.3,0,no,northeast,3732.63
19,female,24.5,1,no,northwest,2709.11
21,male,23.2,0,no,southeast,1515.34
59,male,37.1,1,no,southwest,12347.17
26,female,29.5,1,no,southeast,3392.37
28,female,27.5,2,no,southwest,20177.67
31,female,32.8,2,no,northwest,5327.4
24,female,27.7,0,no,southeast,2464.62
25,female,28.6,0,no,northeast,3213.62
64,female,39.1,3,no,southeast,16085.13
34,female,27.7,0,no,southeast,4415.16
35,female,35.9,2,no,southeast,5836.52
19,male,34.9,0,yes,southwest,34828.65
31,female,23.6,2,no,southwest,4931.65
61,female,33.3,4,no,southeast,36580.28
62,female,33.0,3,no,northwest,15612.19
28,male,23.8,2,no,southwest,3847.67
43,female,26.9,0,yes,northwest,21774.32
19,female,40.5,0,no,southwest,1759.34
46,male,39.4,1,no,northeast,8342.91
27,female,31.3,1,no,northwest,3956.07
61,male,28.3,1,yes,northwest,28868.66
27,female,18.0,2,yes,northeast,15006.58
55,female,32.8,2,no,northwest,12268.63
20,male,31.1,2,no,southeast,2566.47
21,female,26.4,1,no,southwest,2597.78
26,male,17.7,0,no,northwest,2680.95
18,female,38.7,2,no,northeast,3393.36
21,female,21.9,1,yes,northeast,15359.1
53,male,28.6,3,no,southwest,11253.42
19,male,35.5,0,no,northwest,1646.43
36,female,29.9,0,no,southeast,4889.04
52,female,25.3,2,yes,southeast,24667.42
33,female,26.7,0,no,northwest,4571.41
45,male,21.4,0,no,northwest,7222.79
18,female,36.9,0,yes,southeast,36149.48
20,female,33.0,0,no,southeast,1880.07
35,male,27.6,1,no,southeast,4747.05
64,male,26.4,0,no,northeast,14394.56
23,male,35.2,1,no,southwest,2416.96
19,male,27.6,0,no,southwest,1252.41
19,male,30.3,0,yes,southeast,32548.34
56,female,39.8,0,no,southeast,11090.72
53,male,28.9,0,no,northwest,9869.81
62,male,37.4,0,no,southwest,12979.36
57,male,43.7,1,no,southwest,11576.13
58,male,37.0,2,yes,northwest,47496.49
30,female,28.4,1,yes,southeast,19521.97
18,female,30.1,0,no,northeast,2203.47
57,male,42.1,1,yes,southeast,48675.52
30,male,23.0,2,yes,northwest,17361.77
18,male,23.2,0,no,southeast,1121.87
31,male,25.9,1,no,northwest,4239.89
47,male,29.8,3,no,northwest,9620.33
34,male,42.1,2,no,southeast,5124.19
50,female,33.7,4,no,southwest,11299.34
63,male,30.8,0,no,southwest,13390.56
